Store,MAE,RMSE,MAPE
1,95201.70031171448,102852.15714163867,6.31944044014667
2,76198.5037360947,87472.21267760964,4.158622147132431
3,11725.900025434517,15342.938526582966,2.8248087464451657
4,54041.41707588333,65534.405648791675,2.5818666190405524
5,19858.454089642128,22435.33448794648,6.390110171775751
