Algorithm,MAE,MAPE,RMSE
SARIMA,16330.35895391073,3.9040476713036543,21297.436229563576
SARIMAX,15104.862129440522,3.686122943599141,17202.371888912483
LSTM,45025.35660714287,10.75883592621313,47633.9420989135
CNN_LSTM,31923.811964285727,7.587731573136929,35507.99944264082
FBProphet,172364.34,41.59,173002.86
