Algorithm,MAE,MAPE,RMSE
SARIMA,8.13,45.99,10.04
SARIMAX,5.84,29.86,8.46
LSTM,6.33,31.17,8.78
CNN_LSTM,6.92,34.55,9.40
FBProphet,5.051599653371115,26.755422338504957,7.4884095688769445
